{"fit_time":{"0":0.0129160881,"1":0.0170435905,"2":0.0238072872,"3":0.0306093693,"4":0.0379290581},"score_time":{"0":0.027844429,"1":0.0267920494,"2":0.0287070274,"3":0.0282523632,"4":0.0247690678},"test_accuracy":{"0":0.998504224,"1":0.9988834348,"2":0.9978932732,"3":0.9987148967,"4":0.9987148967},"train_accuracy":{"0":0.9969245029,"1":0.9977143218,"2":0.9981040125,"3":0.998051329,"4":0.9981840398},"test_f1_weighted":{"0":0.9977568957,"1":0.9983254641,"2":0.9968410206,"3":0.9980727581,"4":0.9980727581},"train_f1_weighted":{"0":0.9953891226,"1":0.9965727903,"2":0.9971569183,"3":0.9970779438,"4":0.9972768848},"test_precision":{"0":0.0,"1":0.0,"2":0.0,"3":0.0,"4":0.0},"train_precision":{"0":0.0,"1":0.0,"2":0.0,"3":0.0,"4":0.0},"test_recall":{"0":0.0,"1":0.0,"2":0.0,"3":0.0,"4":0.0},"train_recall":{"0":0.0,"1":0.0,"2":0.0,"3":0.0,"4":0.0},"test_roc_auc":{"0":0.5,"1":0.5,"2":0.5,"3":0.5,"4":0.5},"train_roc_auc":{"0":0.5,"1":0.5,"2":0.5,"3":0.5,"4":0.5}}