{"fit_time":56.556278944,"score_time":0.0969339848,"test_accuracy":0.9989171424,"train_accuracy":0.9987517623,"test_f1_weighted":0.9986357035,"train_f1_weighted":0.998662946,"test_precision":0.7549158249,"train_precision":0.7947426534,"test_recall":0.2941395381,"train_recall":0.5873008894,"test_roc_auc":0.9446888482,"train_roc_auc":0.9676421904}