{"fit_time":0.0235949039,"score_time":0.0267001152,"test_accuracy":0.9985421451,"train_accuracy":0.9977956412,"test_f1_weighted":0.9978137793,"train_f1_weighted":0.996694732,"test_precision":0.0,"train_precision":0.0,"test_recall":0.0,"train_recall":0.0,"test_roc_auc":0.5,"train_roc_auc":0.5}