{"fit_time":{"0":39.8634533882,"1":49.4842050076,"2":46.7585039139,"3":62.3932671547,"4":64.2275445461},"score_time":{"0":0.1816501617,"1":0.1021506786,"2":0.1482400894,"3":0.0578691959,"4":0.0304806232},"test_accuracy":{"0":0.9984620895,"1":0.9990941075,"2":0.9988623675,"3":0.9986095603,"4":0.9991573093},"train_accuracy":{"0":0.9984201213,"1":0.9986412328,"2":0.9987711192,"3":0.9988307974,"4":0.9991446869},"test_f1_weighted":{"0":0.9979764142,"1":0.9988306384,"2":0.9986730622,"3":0.9982177075,"4":0.9989519527},"train_f1_weighted":{"0":0.9983834226,"1":0.9985428387,"2":0.9986500583,"3":0.9987155788,"4":0.9990789534},"test_precision":{"0":0.4375,"1":0.8571428571,"2":0.96,"3":0.3529411765,"4":1.0},"train_precision":{"0":0.7669172932,"1":0.7716049383,"2":0.7624309392,"3":0.7983870968,"4":0.8607594937},"test_recall":{"0":0.0985915493,"1":0.2264150943,"2":0.48,"3":0.0983606557,"4":0.3442622951},"train_recall":{"0":0.698630137,"1":0.5760368664,"2":0.5111111111,"3":0.5351351351,"4":0.6310904872},"test_roc_auc":{"0":0.9304119085,"1":0.9467238002,"2":0.9469214854,"3":0.9711013962,"4":0.9321936837},"train_roc_auc":{"0":0.9923616374,"1":0.9612332455,"2":0.9522333071,"3":0.9472241401,"4":0.9623487354}}